name,userId
John,1
William,2
James,3
Charles,4
George,5
Frank,6
Joseph,7
Thomas,8
Henry,9
Robert,10
Edward,11
Harry,12
Walter,13
Arthur,14
Fred,15
Albert,16
Samuel,17
David,18
Louis,19
Joe,20
Charlie,21
Clarence,22
Richard,23
Andrew,24
Daniel,25
Ernest,26
Will,27
Jesse,28
Oscar,29
Lewis,30
Peter,31
Benjamin,32
Frederick,33
Willie,34
Alfred,35
Sam,36
Roy,37
Herbert,38
Jacob,39
Tom,40
Elmer,41
Carl,42
Lee,43
Howard,44
Martin,45
Michael,46
Bert,47
Herman,48
Jim,49
Francis,50
Harvey,51
Earl,52
Eugene,53
Ralph,54
Ed,55
Claude,56
Edwin,57
Ben,58
Charley,59
Paul,60
Edgar,61
Isaac,62
Otto,63
Luther,64
Lawrence,65
Ira,66
Patrick,67
Guy,68
Oliver,69
Theodore,70
Hugh,71
Clyde,72
Alexander,73
August,74
Floyd,75
Homer,76
Jack,77
Leonard,78
Horace,79
Marion,80
Philip,81
Allen,82
Archie,83
Stephen,84
Chester,85
Willis,86
Raymond,87
Rufus,88
Warren,89
Jessie,90
Milton,91
Alex,92
Leo,93
Julius,94
Ray,95
Sidney,96
Bernard,97
Dan,98
Jerry,99
Calvin,100
Perry,101
Dave,102
Anthony,103
Eddie,104
Amos,105
Dennis,106
Clifford,107
Leroy,108
Wesley,109
Alonzo,110
Garfield,111
Franklin,112
Emil,113
Leon,114
Nathan,115
Harold,116
Matthew,117
Levi,118
Moses,119
Everett,120
Lester,121
Winfield,122
Adam,123
Lloyd,124
Mack,125
Fredrick,126
Jay,127
Jess,128
Melvin,129
Noah,130
Aaron,131
Alvin,132
Norman,133
Gilbert,134
Elijah,135
Victor,136
Gus,137
Nelson,138
Jasper,139
Silas,140
Christopher,141
Jake,142
Mike,143
Percy,144
Adolph,145
Maurice,146
Cornelius,147
Felix,148
Reuben,149
Wallace,150
Claud,151
Roscoe,152
Sylvester,153
Earnest,154
Hiram,155
Otis,156
Simon,157
Willard,158
Irvin,159
Mark,160
Jose,161
Wilbur,162
Abraham,163
Virgil,164
Clinton,165
Elbert,166
Leslie,167
Marshall,168
Owen,169
Wiley,170
Anton,171
Morris,172
Manuel,173
Phillip,174
Augustus,175
Emmett,176
Eli,177
Nicholas,178
Wilson,179
Alva,180
Harley,181
Newton,182
Timothy,183
Marvin,184
Ross,185
Curtis,186
Edmund,187
Jeff,188
Elias,189
Harrison,190
Stanley,191
Columbus,192
Lon,193
Ora,194
Ollie,195
Russell,196
Pearl,197
Solomon,198
Arch,199
Asa,200
Clayton,201
Enoch,202
Irving,203
Mathew,204
Nathaniel,205
Scott,206
Hubert,207
Lemuel,208
Andy,209
Ellis,210
Emanuel,211
Joshua,212
Millard,213
Vernon,214
Wade,215
Cyrus,216
Miles,217
Rudolph,218
Sherman,219
Austin,220
Bill,221
Chas,222
Lonnie,223
Monroe,224
Byron,225
Edd,226
Emery,227
Grant,228
Jerome,229
Max,230
Mose,231
Steve,232
Gordon,233
Abe,234
Pete,235
Chris,236
Clark,237
Gustave,238
Orville,239
Lorenzo,240
Bruce,241
Marcus,242
Preston,243
Bob,244
Dock,245
Donald,246
Jackson,247
Cecil,248
Barney,249
Delbert,250
Edmond,251
Anderson,252
Christian,253
Glenn,254
Jefferson,255
Luke,256
Neal,257
Burt,258
Ike,259
Myron,260
Tony,261
Conrad,262
Joel,263
Matt,264
Riley,265
Vincent,266
Emory,267
Isaiah,268
Nick,269
Ezra,270
Green,271
Juan,272
Clifton,273
Lucius,274
Porter,275
Arnold,276
Bud,277
Jeremiah,278
Taylor,279
Forrest,280
Roland,281
Spencer,282
Burton,283
Don,284
Emmet,285
Gustav,286
Louie,287
Morgan,288
Ned,289
Van,290
Ambrose,291
Chauncey,292
Elisha,293
Ferdinand,294
General,295
Julian,296
Kenneth,297
Mitchell,298
Allie,299
Josh,300
Judson,301
Lyman,302
Napoleon,303
Pedro,304
Berry,305
Dewitt,306
Ervin,307
Forest,308
Lynn,309
Pink,310
Ruben,311
Sanford,312
Ward,313
Douglas,314
Ole,315
Omer,316
Ulysses,317
Walker,318
Wilbert,319
Adelbert,320
Benjiman,321
Ivan,322
Jonas,323
Major,324
Abner,325
Archibald,326
Caleb,327
Clint,328
Dudley,329
Granville,330
King,331
Mary,332
Merton,333
Antonio,334
Bennie,335
Carroll,336
Freeman,337
Josiah,338
Milo,339
Royal,340
Dick,341
Earle,342
Elza,343
Emerson,344
Fletcher,345
Judge,346
Laurence,347
Neil,348
Roger,349
Seth,350
Glen,351
Hugo,352
Jimmie,353
Johnnie,354
Washington,355
Elwood,356
Gust,357
Harmon,358
Jordan,359
Simeon,360
Wayne,361
Wilber,362
Clem,363
Evan,364
Frederic,365
Irwin,366
Junius,367
Lafayette,368
Loren,369
Madison,370
Mason,371
Orval,372
Abram,373
Aubrey,374
Elliott,375
Hans,376
Karl,377
Minor,378
Wash,379
Wilfred,380
Allan,381
Alphonse,382
Dallas,383
Dee,384
Isiah,385
Jason,386
Johnny,387
Lawson,388
Lew,389
Micheal,390
Orin,391
Addison,392
Cal,393
Erastus,394
Francisco,395
Hardy,396
Lucien,397
Randolph,398
Stewart,399
Vern,400
Wilmer,401
Zack,402
Adrian,403
Alvah,404
Bertram,405
Clay,406
Ephraim,407
Fritz,408
Giles,409
Grover,410
Harris,411
Isom,412
Jesus,413
Johnie,414
Jonathan,415
Lucian,416
Malcolm,417
Merritt,418
Otho,419
Perley,420
Rolla,421
Sandy,422
Tomas,423
Wilford,424
Adolphus,425
Angus,426
Arther,427
Carlos,428
Cary,429
Cassius,430
Davis,431
Hamilton,432
Harve,433
Israel,434
Leander,435
Melville,436
Merle,437
Murray,438
Pleasant,439
Sterling,440
Steven,441
Axel,442
Boyd,443
Bryant,444
Clement,445
Erwin,446
Ezekiel,447
Foster,448
Frances,449
Geo,450
Houston,451
Issac,452
Jules,453
Larkin,454
Mat,455
Morton,456
Orlando,457
Pierce,458
Prince,459
Rollie,460
Rollin,461
Sim,462
Stuart,463
Wilburn,464
Bennett,465
Casper,466
Christ,467
Dell,468
Egbert,469
Elmo,470
Fay,471
Gabriel,472
Hector,473
Horatio,474
Lige,475
Saul,476
Smith,477
Squire,478
Tobe,479
Tommie,480
Wyatt,481
Alford,482
Alma,483
Alton,484
Andres,485
Burl,486
Cicero,487
Dean,488
Dorsey,489
Enos,490
Howell,491
Lou,492
Loyd,493
Mahlon,494
Nat,495
Omar,496
Oran,497
Parker,498
Raleigh,499
Reginald,500
Rubin,501
Seymour,502
Wm,503
Young,504
Benjamine,505
Carey,506
Carlton,507
Eldridge,508
Elzie,509
Garrett,510
Isham,511
Johnson,512
Larry,513
Logan,514
Merrill,515
Mont,516
Oren,517
Pierre,518
Rex,519
Rodney,520
Ted,521
Webster,522
West,523
Wheeler,524
Willam,525
Al,526
Aloysius,527
Alvie,528
Anna,529
Art,530
Augustine,531
Bailey,532
Benjaman,533
Beverly,534
Bishop,535
Clair,536
Cloyd,537
Coleman,538
Dana,539
Duncan,540
Dwight,541
Emile,542
Evert,543
Henderson,544
Hunter,545
Jean,546
Lem,547
Luis,548
Mathias,549
Maynard,550
Miguel,551
Mortimer,552
Nels,553
Norris,554
Pat,555
Phil,556
Rush,557
Santiago,558
Sol,559
Sydney,560
Thaddeus,561
Thornton,562
Tim,563
Travis,564
Truman,565
Watson,566
Webb,567
Wellington,568
Winfred,569
Wylie,570
Alec,571
Basil,572
Baxter,573
Bertrand,574
Buford,575
Burr,576
Cleveland,577
Colonel,578
Dempsey,579
Early,580
Ellsworth,581
Fate,582
Finley,583
Gabe,584
Garland,585
Gerald,586
Herschel,587
Hezekiah,588
Justus,589
Lindsey,590
Marcellus,591
Olaf,592
Olin,593
Pablo,594
Rolland,595
Turner,596
Verne,597
Volney,598
Williams,599
Almon,600
Alois,601
Alonza,602
Anson,603
Authur,604
Benton,605
Billie,606
Cornelious,607
Darius,608
Denis,609
Dillard,610
